,book_id,goodreads_book_id,best_book_id,work_id,books_count,isbn13,original_publication_year,average_rating,ratings_count,work_ratings_count,work_text_reviews_count,ratings_1,ratings_2,ratings_3,ratings_4,ratings_5
count,10000.0,10000.0,10000.0,10000.0,10000.0,9415.0,9979.0,10000.0,10000.0,10000.0,10000.0,10000.0,10000.0,10000.0,10000.0,10000.0
mean,5000.5,5264696.5132,5471213.5801,8646183.4246,75.7127,9755044298883.463,1981.987674115643,4.002191000000001,54001.2351,59687.3216,2919.9553,1345.0406,3110.885,11475.8938,19965.6966,23789.8056
std,2886.8956799071675,7575461.863589608,7827329.890719957,11751060.824080037,170.4707276502585,442861920665.57385,152.5766651675478,0.25442748053872877,157369.95643554686,167803.7852374182,6124.378131569907,6635.626262783453,9717.123578396895,28546.44918318239,51447.35838380065,79768.88561077177
min,1.0,1.0,1.0,87.0,1.0,195170342.0,-1750.0,2.47,2716.0,5510.0,3.0,11.0,30.0,323.0,750.0,754.0
25%,2500.75,46275.75,47911.75,1008841.0,23.0,9780316192995.0,1990.0,3.85,13568.75,15438.75,694.0,196.0,656.0,3112.0,5405.75,5334.0
50%,5000.5,394965.5,425123.5,2719524.5,40.0,9780451528640.0,2004.0,4.02,21155.5,23832.5,1402.0,391.0,1163.0,4894.0,8269.5,8836.0
75%,7500.25,9382225.25,9636112.5,14517748.25,67.0,9780830777175.0,2011.0,4.18,41053.5,45915.0,2744.25,885.0,2353.25,9287.0,16023.5,17304.5
max,10000.0,33288638.0,35534230.0,56399597.0,3455.0,9790007672390.0,2017.0,4.82,4780653.0,4942365.0,155254.0,456191.0,436802.0,793319.0,1481305.0,3011543.0
